id,nome,endereco,cidade,telefone
1,DuBuque Group,6748 Emmet Pass,Okigwi,9 9851-4401
2,Sipes-Monahan,38 Armistice Place,Hammam-Lif,9 9804-5267
3,Howe-Olson,15099 Graceland Alley,Chom Bueng,9 9827-1626
4,Kozey-Ortiz,33526 Bellgrove Point,Warri,9 9838-0426
5,"Nitzsche, Hegmann and Volkman",2193 Victoria Crossing,Nanyanchuan,9 9857-9061
6,"Miller, Kihn and Nicolas",890 Granby Park,Debre Zeyit,9 9839-0152
7,Torp Group,58 Declaration Park,Rača,9 9813-5471
8,Tillman-Collins,6048 4th Drive,Chang’an,9 9876-0802
9,Wintheiser-Ritchie,7 Rockefeller Alley,Katy,9 9848-5491
10,Cronin Inc,9 Messerschmidt Court,Udomlya,9 9880-0843
